id_analisis,nombre,codigo,descripcion,precio,unidad_min,tiempo,pais_id,acreditacion
564,MICROSCOPY ,H-DPL001,"PLANT, SUBSTRATE -- TAT 5-8",4020.00,,5-8 días,Holanda,False
565,MICROSCOPY + PLATING ,H-DPL002,"PLANT, SUBSTRATE, SEED -- TAT 4-15",5220.00,,4-15 días,Holanda,False
566,MICROSCOPY + DNA,H-DPL003,"OP PACKAGE -- PLANT, SUBSTRATE--TAT 5-8",5460.00,,5-8 días,Holanda,False
567,"MICROSCOPY, PLATING, DNA",H-DPL004,"OP PACKAGE -- PLANT, SUBSTRATE--TAT 4-15",6420.00,,4-15 días,Holanda,False
568,DIAGNOSTIC OF PLANT DISEASES,H-DPL005,AT 7-14,7140.00,, días,Holanda,False
569,DNA CHECK STRAWBERRY ,H-DPL006,"WATER, PLANT, SUBSTRATE--TAT 5-8",4740.00,,5-8 días,Holanda,False
570,DNA CHECK CHRYSANTHEMUM ,H-DPL007,"WATER, PLANT, SUBSTRATE--TAT 5-8",4740.00,,5-8 días,Holanda,False
571,DNA CHECK RASPBERRY ,H-DPL008,"WATER, PLANT, SUBSTRATE--TAT 5-8",4740.00,,5-8 días,Holanda,False
572,DNA CHECK GERBERA ,H-DPL009,"WATER, PLANT, SUBSTRATE--TAT 5-8",4740.00,,5-8 días,Holanda,False
573,DNA CHECK CUCUMBER ,H-DPL010,"WATER, PLANT, SUBSTRATE--TAT 5-8",4740.00,,5-8 días,Holanda,False
574,DNA CHECK LISIANTHUS ,H-DPL011,"WATER, PLANT, SUBSTRATE-- TAT 5-8",4740.00,,5-8 días,Holanda,False
575,DNA CHECK ANTHURIUM ,H-DPL012,"WATER, PLANT, SUBSTRATE--TAT 5-8",4740.00,,5-8 días,Holanda,False
576,DNA CHECK BELLPEPPER ,H-DPL013,"WATER, PLANT, SUBSTRATE--TAT 5-8",4740.00,,5-8 días,Holanda,False
577,DNA CHECK PHALAENOPSIS ,H-DPL014,"WATER, PLANT, SUBSTRATE-- TAT 5-8",4740.00,,5-8 días,Holanda,False
578,DNA CHECK ROSE ,H-DPL015,"WATER, PLANT, SUBSTRATE-- TAT-5-8",4740.00,,5-8 días,Holanda,False
579,DNA CHECK TOMATO ,H-DPL016,"WATER, PLANT, SUBSTRATE-- TAT 5-8",4740.00,,5-8 días,Holanda,False
580,DNA CHECK TOMATO+CLAVIBACTER ,H-DPL017,"WATER, PLANT, SUBSTRATE-- TAT 5-8",4980.00,,5-8 días,Holanda,False
581,DNA CHECK 1 PATHOGEN ,H-DPL018,"WATER, PLANT, SUBSTRATE--TAT 5-8",3780.00,,5-8 días,Holanda,False
582,ROOT THICKENING BACTERIUM ,H-DPL019,"WATER, ROOT-- TAT 5-8",3780.00,,5-8 días,Holanda,False
583,CLAVIBACTER DIRECTLY (CLAVIBACTER MICHIGANENSIS SUBSP. MICHIGANENSIS) ,H-DPL020,"LANT, SUBSTRATE -- RT-PCR-- TAT 5-8",3780.00,,5-8 días,Holanda,False
584,ACCUMULATION CLAVIBACTER (CLAVIBACTER MICHIGANENSIS MICHIGANENSIS,H-DPL021,"O PCR) -- WATER, PLANT, SUBSTRATE -- BIO-PCR-- TAT 5-8",4740.00,,5-8 días,Holanda,False
585,SEED CONTROL CLAVIBACTER ,H-DPL022,SEED--TAT 8-12,7500.00,500 GR O ML, días,Holanda,False
586,AGROBACTERIUM DIRECT ,H-DPL023,"WATER, PLANT, SUBSTRATE--TAT 4-8",3780.00,501 GR O ML, días,Holanda,False
587,ACCUMULATION AGROBACTERIUM (CRAZY ROOTS),H-DPL024,"BIO-PCR--WATER, PLANT, SUBSTRATE--TAT 5-9",4740.00,5000 SEMILLAS,8-12 días,Holanda,False
588,AGROBACTERIUM QUANTITATIVE ,H-DPL025,"ROOTS, PIECES OF WOOD, WATER, SUBSTRATE, SOIL -- RT-PCR",4740.00,,4-8 días,Holanda,False
589,SEQUENCE ANALYSIS ,H-DPL026,"NA- SEQUENCING-- CROP, ROOT, ETC -- TAT 10-15",7500.00,,5-9 días,Holanda,False
590,LEUCOCOPRINUS ANALYSIS ,H-DPL027,POTTING SOIL--TAT 7-12,5100.00,,4-8 días,Holanda,False
591,ERWINIA ACCUMULATION,H-DPL028,"PCR-- WATER, SOIL, SUBSTRATE, PLANT MATERIAL--TAT 4-8",3900.00,,10-15 días,Holanda,False
592,VERTICILLIUM ,H-DPL029,"RT-PCR--WATER, PLANT, SUBSTRATE -- TAT 4-8",4740.00,,7-12 días,Holanda,False
593,RALSTONIA SOLANACEARUM ,H-DPL030,BIO PCR -- PLANT -- TAT 4-8,4740.00,,3-7 días,Holanda,False
594,PSEUDOMONAS SYRINGAE / CORRUGATA,H-DPL031,ATER--TAT 4-8,3780.00,,4-8 días,Holanda,False
595,CHRYSANTHEMUM VIROID ,H-DPL032,PCR-- PLANT--4-8,3420.00,, días,Holanda,False
596,VIROID PACKAGE,H-DPL033,CR-- PLANT--TAT 4-8,4740.00,,4-8 días,Holanda,False
597,1 VIROID,H-DPL034,CR-- PLANT--TAT 4-8,3780.00,,4-8 días,Holanda,False
598,1 VIRUS,H-DPL035,LISA--CROP--TAT 4-8,2700.00,,4-8 días,Holanda,False
599,1 VIRUS/VIROID,H-DPL036,RT-PCR--CROP--TAT 4-8,3780.00,,4-8 días,Holanda,False
600,VIRUS PACKAGE TOMATO (MVT) ,H-DPL037,ELISA-- CROP -- TAT 4-8,3900.00,,4-8 días,Holanda,False
601,VIRUS PACKAGE TOMATO (MVT) ,H-DPL038,ELISA-- WATER-- TAT 4-8,5928.00,, días,Holanda,False
602,VIRUS PACKAGE BELL PEPPER (MVP),H-DPL039,LISA-- CROP -- TAT 4-8,3900.00,,4-8 días,Holanda,False
603,VIRUS PACKAGE CUCUMBER (MVK),H-DPL040,LISA-- CROP --TAT 4-8,3300.00,,4-8 días,Holanda,False
604,VIRUS CUCUMBER WATER,H-DPL041,LISA--WATER--TAT 4-8,5100.00,,4-8 días,Holanda,False
605,VIRUS PACKAGE BERRIES,H-DPL042,LISA--CROP--TAT 4-8,4500.00,,4-8 días,Holanda,False
606,PEPINO MOSAIC VIRUS((MST) ANALYSE OF 4 STRAINS),H-DPL043,LISA-- CROP --TAT 4-8,5100.00,,4-8 días,Holanda,False
607,PEPINO MOSAIC VIRUS ((MCP) ANALYSE INTENSITY OF STRAINS),H-DPL044,LISA--CROP--TAT 4-8,5100.00,,4-8 días,Holanda,False
608,PEPINO MOSAIC VIRUS ,H-DPL045,EED--TAT 4-8,3900.00,,4-8 días,Holanda,False
609,BEGOMOVIRUS +TYLCV ,H-DPL046,CROP--TAT 4-8,4740.00,,4-8 días,Holanda,False
610,TMV+ ToMV (TOBAMO GRUP),H-DPL047,"LISA-- SOIL, --TAT 4-8",3300.00,,12-15 días,Holanda,False
611,TOMATOCHLORESEVIRUS (ToCV),H-DPL048,CR--CROP--TAT 4-8,4740.00,,12-15 días,Holanda,False
612,TOMATO BROWN RUGOSE FRUIT VIRUS TBRFV=ToBRFV ,H-DPL049,"T-PCR --PLANT, SEEDS--TAT 4-8",4740.00,,12-15 días,Holanda,False
613,TOMATO BROWN RUGOSE FRUIT VIRUS TBRFV=ToBRFV ,H-DPL050,"T-PCR --WATER, SWAPS--TAT 4-8",6540.00,,12-15 días,Holanda,False
614,VIRUS PACKAGE TOMATO (MVT) + ToBRFV,H-DPL051,"LISA/ PCR --PLANT, SEED--TAT 4-8",6840.00,500 ml,9-11 días,Holanda,False
615,VIRUS PACKAGE BELL PEPPER (MVP)+ ToBRFV,H-DPL052,"LISA/ PCR --PLANT, SEED--TAT 4-8",6840.00,501 ml,9-11 días,Holanda,False
616,VIRUS AND VIROIDS PACKAGE,H-DPL053,LISA/PCR--PLANT--TAT 4-8,7500.00,502 ml,9-11 días,Holanda,False
617,TRICHODERMA SPP + BACILLUS SPP,H-DPL054,,4320.00,,16-18 días,Holanda,False
618,NEMATODES STRAWBERRY ,H-DPL055,SOIL (+ROOT)--TAT 12-15,3840.00,,12-14 días,Holanda,False
619,NEMATODES ROSE ,H-DPL056,SOIL (+ROOT)--TAT 12-15,3900.00,,9-12 días,Holanda,False
620,NEMATODES GREENHOUSE CROPS ,H-DPL057,"SOIL, SUBSTRATE, ROOT--TAT 12-15",3840.00,,9-12 días,Holanda,False
621,OTHER NEMATODES ,H-DPL058,"WATER, PLANT, SUBSTRATE--TAT 12-15",3840.00,,32-34 días,Holanda,False
622,PLATE COUNT ,H-DPL059,WATER--TAT 9-11,2340.00,,7-9 días,Holanda,False
623,BACTERIAL COUNT WATER INCL. PP ,H-DPL060,WATER--TAT 9-11,3560.00,, días,Holanda,False
624,FUNGI,H-DPL061,TER INCL. PP -- WATER,3920.00,, días,Holanda,False
625,CRESS TEST ,H-DPL062,PRODUCT--TAT 16-18,4020.00,,8-11 días,Holanda,False
626,LEGIONELLA ,H-DPL063,WATER-- TAT 12-14,3780.00,, días,Holanda,False
627,PLATING ANALYSIS FOR 1 PATHOGENIC FUNGUS OR BACTERIA ,H-DPL064,"WATER, PLANT, SUBSTRATE--TAT 9-12",2840.00,, días,Holanda,False
628,PLATING ANALYSIS FOR ROOT OR CROP ,H-DPL065,"CROP, ROOT--TAT 9 -12",3920.00,, días,Holanda,False
629,PLATING ANALYSIS VERTICILLIUM ,H-DPL066,"WATER, PLANT, SUBSTRATE-- TAT 32-34",5000.00,, días,Holanda,False
630,CYCLOSPORA SPP (PARASITE) ,H-DPL067,FRESH PRODUCE -- INTERNAL METHOD -- TAT 7-9,4740.00,, días,Holanda,False
631,MITES,H-DPL068,"MICROSCOPE--SUSPECTED LEAVES, FRUIT--TAT 10-12",5220.00,, días,Holanda,False
632,"THRIPS, WHITE FLY ",H-DPL069,MICROSCOPE--CROP--TAT 10-12,4020.00,, días,Holanda,False
633,"ALGAE, SEAWEED",H-DPL070,ICROSCOPE-- WATER--TAT 7-10,4140.00,, días,Holanda,False
634,TRICHODERMA HARZIANUM,H-DPL071,"LATING-- PLANT, SOIL,ROOT--TAT 8-12",4020.00,, días,Holanda,False
635,XYLELLA ,H-DPL072,CROP--TAT 10-12,11100.00,, días,Holanda,False
636,ACUMULATION A RHIZOGENIS + TUMEFACIENS ,H-DPL073,T-PCR--TAT 6,4980.00,, días,Holanda,False
637,1 EXTRA BACTERIA OR FUNGUS IN DNA CHECK ANALYSIS,H-DPL074,EXTRA BACTERIA OR FUNGUS IN DNA CHECK ANALYSIS ,1980.00,, días,Holanda,False
638,MULTIRESIDUAL DE PESTICIDAS CON MAS DE 800 MOLECULAS (ANALYSIS LIST ATTACHMENT): GC/LC SCREENING GC,H-FQ001,MS AND LC-MS/MS--Q--TAT 4-5 ,4300.00,4300,4-7 días,Holanda,True
639,MULTIRESIDUAL GC,H-FQ002,MS SCREENING (ANALYSIS LIST ATTACHMENT) -- GC-MS/MS--FRESH PRODUCE-- Q --TAT 3-5,3060.00,,4-7 días,Holanda,True
640,MULTIRESIDUL LC,H-FQ003,/MS SCREENING (ANALYSIS LIST ATTACHMENT)-- LC-MS/MS--FRESH PRODUCE-- Q -- TAT 3-5,3300.00,,4-7 días,Holanda,True
641, DETERMINATION OF A SINGLE COMPONENT OF THE GC,H-FQ004,CREENING ANALYSIS LIST-- GC-MS/MS-- FRESH PRODUCE-- Q -- TAT 3-5,3060.00,,4-7 días,Holanda,True
642,DETERMINATION OF A SINGLE COMPONENT OF THE LC,H-FQ005,REENING ANALYSIS LIST-- LC-MS/MS-- FRESH PRODUCE-- Q -- TAT 3-5,3300.00,,4-7 días,Holanda,True
643,MULTIRESIDUAL PARA ALIMENTOS PARA BEBE: BABY FOOD GC/LC LOW LOD,H-FQ006,GC-MS/MS + LC-MS/MS-- FRESH PRODUCE AND BABY FOOD-- Q -- TAT 3-5,4500.00,,5-7 días,Holanda,True
644,"MULTIRESIDUAL PARA  FERTILIZANTES, PESTICIDAS, CERAS:GC",H-FQ007,"C SCREENING FOR PESTICIDES, FERTILIZER, WAX, SPRAYSCAN -- GC-MS/MS+LC-MS/MS-- TAT 12-16",5700.00,,6-7 días,Holanda,False
645,MULTIRESIDUAL: GC/LC SCREENING FOR RUSSIA PLUS N03 ,H-FQ008,GC-MS/MS+LC-MS/MS-- FRESH PRODUCE -- TAT 4-7,5820.00,,6-7 días,Holanda,False
646,SCREENING IN DIFFICULT MATRIX ,H-FQ009,"C/LC SCREENING GC-MSMS AND LC-MS/MS--DETERGENT, PLASTIC, GELATIN, BAGS, SWAPS--TAT 14-17",5700.00,1 kg,7-10 días,Holanda,False
647,MULTIRESIDUAL PARA CARNE Y LECHE: GC/LC SCREENING IN MILK AND MEAT ,H-FQ010,MILK AND MEAT -- GC-MS/MS+LC-MS/MS--TAT 3-5,4500.00,,6-8 días,Holanda,False
648,GC/LC SCREENING GC,H-FQ011,/MS AND LC-MS/MS  -- GC-MS/MS + LC-MS/MS--WATER-- Q--TAT 5-7,3900.00,,4-7 días,Holanda,False
649,GC/LC SCREENING GC,H-FQ012,"/MS AND LC-MS/MS  -- GC-MS/MS + LC-MS/MS-- SOIL , COMPOST -- TAT 5-7",3780.00,,4-7 días,Holanda,False
650,DETERMINATION OF A SINGLE COMPONENT OF THE GC SCREENING ,H-FQ013,"SOIL, CROP, WATER -- GC-MS/MS-- TAT 5-7",3060.00,500 GR ,7-10 días,Holanda,True
651,DETERMINATION OF A SINGLE COMPONENT OF THE LC SCREENING ,H-FQ014,"SOIL, CROP, WATER -- LC-MS/MS--TAT 5-7",3300.00,,8-12 días,Holanda,False
652,GC/LC SCREENING GC,H-FQ015,"/MS AND LC-MS/MS -- ORNAMENTALS, LEAF,CROP -- Q--TAT 5-7",4140.00,,6-9 días,Holanda,False
653,GC/LC SCREENING GC,H-FQ016,/MS AND LC-MS/MS -- TEA --Q--TAT 5-7,3780.00,,6-9 días,Holanda,True
654,GC/LC SCREENING GC,H-FQ017,"/MS AND LC-MS/MS -- GRAIN, CEREALS -- Q-- TAT 5-7",3780.00,,6-9 días,Holanda,True
655,PACKAGE BSB + HERBICIDES + FENOXYACIDS,H-FQ018,"LC-MS/MS--CROP,SOIL WATER--TAT  ",5700.00,,4-7 días,Holanda,False
656,PHENOXYACETIC ACIDS (HERBICIDES) ,H-FQ019,"SOIL, CROP, WATER",3540.00,,7-9 días,Holanda,False
657,"GLYPHOSATE, GLUFOSINATE, AMPA ",H-FQ020,"LC-MS/MS-- SOIL, CROP, WATER -- TAT 4-8",4380.00,,4-7 días,Holanda,True
658,DIQUAT + PARAQUAT ,H-FQ021,"LC-MS/MS--SOIL, CROP, WATER -- TAT 5-7",3804.00,,4-7 días,Holanda,False
659,DAMINOZIDE ,H-FQ022,"C-MS/MS --FRESH PRODUCE, SOIL, CROP, WATER-- TAT 4-8",3540.00,,4-7 días,Holanda,True
660,PYRIDINE HERBICIDE ,H-FQ023,"LC-MS/MS--CROP, SOIL--TAT 4-8",3540.00,,4-7 días,Holanda,True
661,CHLOMEQUAT+ MEPIQUAT,H-FQ024,"C-MS/MS--SOIL, CROP, WATER-- Q -- TAT 4-7",3300.00,, días,Holanda,False
662,ETHEFON (GC,H-FQ025,"D) ---- GC-FID -- FRESH PRODUCT, SOIL, CROP, WATER -- Q-- TAT 4.7",3300.00,, días,Holanda,False
663,ETHEFON (LC,H-FQ026,"MS) -- LC-MS/MS -- FRSH PRODUCT, SOIL, CROP, WATER -- Q -- TAT 4-7",3300.00,,4-7 días,Holanda,False
664,DITHIOCARBAMATES (CS2) ,H-FQ027,"LC-MS/MS -- FRESH PRODUCT, SOIL, CROP, WATER --Q-- TAT 4-5",3180.00,,4-7 días,Holanda,False
665,ETHYLEENTHIOUREA (ETU) + PROPYLEENTHIOUREA (PTU) ,H-FQ028,LC-MS/MS -- CROP-- TAT 4-7,3540.00,,4-7 días,Holanda,False
666,"AMINES (MORFOLINE, DIETHANOLAMINE, TRIETHANOLAMINE) ",H-FQ029,"LC-MS/MS -- WAXES,CROP, WATER -- TAT 4-7",3900.00,,4-7 días,Holanda,False
667,"PERCHLORATE, CHLORATE ",H-FQ030,C-MS/MS-- CROP -- TAT 4-7,3420.00,,9-12 días,Holanda,False
668,QUATERNARY AMMONIUM COMPOUNDS (DDAC/BAC) ,H-FQ031,"UPLC-MS/MS-- FRESH PRODUCT, CROP, WATER -- Q-- TAT 4-7",3420.00,,4-7 días,Holanda,False
669,BROMIDE ,H-FQ032,"ION CHROMATOGRAPHY WITH ELECTROCHEMICAL DETECTOR --SOIL, CROP, WATER--Q-- TAT 9-12",2988.00,,6-10 días,Holanda,False
670,SODIUM HYPOCHLORITE ,H-FQ033,COLOUR REACTION--WATER,2700.00,, días,Holanda,False
671,SULPHUR,H-FQ034,C.MS.MS--CROP--TAT 5-7,3060.00,, días,Holanda,False
672,ANTRACHINON ,H-FQ035,GC-MS.MS--COFFEE--TAT 5-7,3060.00,, días,Holanda,False
673,6 BENZYLADENINE,H-FQ036,C-MS.MS--CROP--TAT,3300.00,, días,Holanda,False
674,KASUGAMYCIN,H-FQ037,C-MS.MS--CROP--TAT,3540.00,, días,Holanda,False
675,STREPTOMYCIN,H-FQ038,C-MS.MS-- CROP-- TAT,3540.00,,5-9 días,Holanda,False
676,PHOSETHYL,H-FQ039,UMINUM + PHOSPHORIC ACID - LC-MS/MS -- CROP -- 7-9,3080.00,,5-9 días,Holanda,False
677,GUAZATINE ,H-FQ040,LC-MS.MS --CROP -- TAT 5-7,3540.00,,6-12 días,Holanda,False
678,MALEIC HYDRAZIDE ,H-FQ041,LC-MS.MS --CROP (POTATO) -- TAT 5-7,3540.00,, días,Holanda,False
679,DAMINOZIDE ,H-FQ042,"FRESH PRODUCE, SOIL, CROP, WATER -- LC-MS/MS -- 0.01",3540.00,, días,Holanda,False
680,NERESTOXINS ,H-FQ043,LC-MS.MS--CROP-- TAT,3540.00,, días,Holanda,False
681,NATAMYCIN (PIMARICIN) (POST,H-FQ044,RVEST USE IN BANANA) -- LC-MS.MS--CROP(BANANA),3540.00,, días,Holanda,False
682,WARFAIN,H-FQ045,LC-MS.MS--CROP--TAT,3540.00,, días,Holanda,False
683,NICOTINE,H-FQ046,C-MS.MS--CROP--TAT,3540.00,,8-13 días,Holanda,False
684,"2, 4",H-FQ047,"-- AUXINE -- LC-MS/MS --  PLANT PARTS, CACAO --TAT",3300.00,,8-13 días,Holanda,False
685,BENZYLADENINE ,H-FQ048,"CYTOKININE --LC-MS.MS--0, 01 MG/KG-- PLANT PARTS -- TAT 8-10",3540.00,, días,Holanda,False
686,GIBRILIC ACID ,H-FQ049,"LC-MS/MS -- 0, 01 MG/KG-- PLANT PARTS--TAT 8-10",3540.00,,23-25 días,Holanda,False
687,ETHENE/ETHEFON ,H-FQ050,GC-FID,3300.00,,17-21 días,Holanda,False
688,FORMALDEHYDE  ,H-FQ051,"UV-HPLC --1 MG/KG--CROP, SOIL, WATER--TAT 25",4500.00,,17-21 días,Holanda,False
689,PHTALATEN (PLASTICIZERS) ,H-FQ052,"GC-MS -- 1, 0 MG/KG-- CROP, SOIL,WATER, OIL, PLASTIC--TAT 14-16",6060.00,,7-10 días,Holanda,False
690,MINERAL OILS ,H-FQ053,GC-FID-- PRODUCT--TAT 17-21,11200.00,,5-8 días,Holanda,False
691,FLOUORIDE,H-FQ054,"EA, DRINKS--",3420.00,,13-16 días,Holanda,False
692,NITRATE + NITRITE,H-FQ055,"IC-- 0.05 MG/KG -- FOOD, SALT, WATER-- TAT 7-10",3420.00,,8-13 días,Holanda,False
693,NITRITE,H-FQ056,IC--0.05 ML/KG--WATER-TAT 7-10,2820.00,500g,8-13 días,Holanda,True
694,NITRATE,H-FQ057,LOW ANALYSER-- 70 MG/KG--GREEN VEGETABLES--TAT 7-10,2100.00,500g,8-13 días,Holanda,True
695,NITRATE,H-FQ058,PLC-IC-- 5 PPM-- FRUIT--7-10,2100.00,500g,8-13 días,Holanda,True
696,SULFITE IN AQUEOUS SOLUTION/ OIL / ,H-FQ059,PLC-IC-- 1MG/L-- TAT 6-8,3420.00,500g,8-13 días,Holanda,True
697,SULFITE IN FRESH PRODUCE (DESTILLATION) ,H-FQ060,MONIET-WILLIAMS METHOD -- 5 PPM-- PLANT PARTS--TAT ,3420.00,500g,8-13 días,Holanda,True
698,SULFITE ,H-FQ061,PLC-IC-- ESSENCIAL OIL--TAT 8-10,-1.00,,8-13 días,Holanda,False
699,CHLOROFYL ,H-FQ062,SPECTROPHOTOMETER-- PLANT PARTS-- TAT 13-16,5820.00,, días,Holanda,False
700,HISTAMINE (CH2),H-FQ063,C-MS.MS-- 0.01PPM--FISH--TAT 5-8,3540.00,, días,Holanda,False
701,ASTAXANTHINE ,H-FQ064,UV-FID-- ALGAE-- TAT 8-10,3900.00,, días,Holanda,False
702,MYCOTOXINS SCREENING ,H-FQ065,"-- LC-MS/MS -- 0, 5 MG/KG-- GRAIN AND FRUIT--Q--TAT 7-9",5700.00,,7-10 días,Holanda,False
703,1 PER SAMPLE ,H-FQ066,"LC-MS/MS -- 0, 5 MG/KG -- GRAIN AND FRUIT-- Q--TAT 7-9",3540.00,,8-13 días,Holanda,False
704,2 PER SAMPLE ,H-FQ067,"LC-MS/MS -- 0, 5 MG/KG -- GRAIN AND FRUIT-- Q-- TAT 7-9",4020.00,,10-13 días,Holanda,False
705,"CITRIC ACID, ACETIC ACID, LACTIC ACID AND PROPIONIC ACID ",H-FQ069,"HPLC -- 1MG/L-- FRUIT JUICE, SAUCES -AGF --TAT 7-9",3920.00,,8-13 días,Holanda,False
706,"CITRIC ACID, LACTIC ACID, SALICYLIC ACID, BENZOIC ACID, ",H-FQ070,"HPLC -- 1MG/L-- FRUIT JUICE, SAUCES, AGF-- TAT 7-9",4500.00,, días,Holanda,False
707,"ACETIC ACID, PROPIONIC ACID, BUTYRIC ACID, ISO",H-FQ071,TYRIC ACID,4500.00,,8-13 días,Holanda,False
708,ALPHA,H-FQ072,"TOGLUTARIC ACID, DICHLOROBENZOIC ACID",4500.00,,8-13 días,Holanda,False
709,"GLUCOSE, FRUCTOSE, LACTOSE, SUCROSE (SACCHAROSE), MALTOSE ",H-FQ073,"IC -- 0.05 GR/100GRAM--FOOD, CROP, WATER -- TAT 6",4500.00,1000g,10-13 días,Holanda,False
710,VIT A ,H-FQ074,"HPLC-UV -- 0.1-0.5 PPM-- FRUITS, FOOD -- TAT 7-10",5700.00,,13-16 días,Holanda,False
711,"VIT B (B1, B2, B3, B5, B6, B8, B9, B12)",H-FQ075,"LC-MS/MS -- 0. 1-0.5 PPM -- -- FRUITS, FOOD --TAT 8-10",14940.00,,6-10 días,Holanda,False
712,VIT B1 + B2 ,H-FQ076,"LC-MS/MS -- 0.1-0.18 PPM -- FRUITS, FOOD-- TAT 8-10",4860.00,,13-16 días,Holanda,False
713,VIT B3 + B6,H-FQ077,"LC-MS.MS-- 0.1-1 PPM-- FRUITS, FOOD-- TAT 8-10",5580.00,,13-16 días,Holanda,False
714,VIT B5 ,H-FQ078,"C-MS.MS-- 0.8 PPM-- FRUITS, FOOD-- TAT 8-10",3756.00,,13-16 días,Holanda,False
715,VIT B8 OR BIOTIN OT VIT H,H-FQ079,".1 PPM-- FRUITS, FOOD-- TAT 8-10",4020.00,,13-16 días,Holanda,False
716,VIT B9,H-FQ080,"HPLC-MS-- 0.05 PPM-- FRUITS, FOOD-- TAT 8-10",4260.00,,13-16 días,Holanda,False
717,VIT B12,H-FQ081,"HPLC-MS--0.25UG/100G--FRUITS, FOOD--TAT 12",3780.00,,13-16 días,Holanda,False
718,VIT C,H-FQ082,"HPLC-UV -- 0.1-0.5-- FRUITS, FOOD--TAT 8-10",4020.00,,8-13 días,Holanda,False
719,VIT D2 ,H-FQ083,"LC-MS/MS -- 0.1-0. 5 PPM-- FEED, FOOD,SUPPLEMENTS--TAT 8-10",4620.00,,13-16 días,Holanda,False
720,VIT D3,H-FQ084,"C-MS/MS--100UGR/100G -- FEED, FOOD,SUPPLEMENTS--TAT 8-10",5820.00,,6-10 días,Holanda,False
721,VIT E ,H-FQ085,"HPLC -- 0.08 MG/100G -- FRUITS, FOOD-TAT 8-10",5100.00,,6-10 días,Holanda,False
722,VIT K ,H-FQ086,"HPLC -- 0.1-0.5 PPM -- FRUITS, FOOD-TAT  8-10",5100.00,,10-13 días,Holanda,False
723,NUTRITIONAL VALUE ,H-FQ087,"IMITED (BIG 4): MOISTURE, FAT, ASH AND PROTEIN -- FOOD, JUICE, CACAO-- TAT 10-12",7768.00,,10-13 días,Holanda,False
724,NUTRITIONAL VALUE ,H-FQ088,"XTENDED (BIG 8): MOISTURE, ASH, FAT, FATTY ACIDS, SUGARS, PROTEIN, SODIUM, FIBERS, ENERGETIC VALUE -- FOOD, JUICE, CACAO--TAT 10-12",11200.00,,6-10 días,Holanda,False
725,ASH ,H-FQ089,"ISO 936 -- PLANT PARTS, FOOD--TAT 5-7",1680.00,,6-10 días,Holanda,False
726,DRY MATTER ,H-FQ090,"PLANT PARTS, FOOD--TAT 5-7",1980.00,500g,8-13 días,Holanda,True
727,FIBERS (INCL DIETARY FIBERS) ,H-FQ091,"AOAC 991.43 -- PLANT PARTS, FOOD-- TAT10-12",3900.00,1000g,6-10 días,Holanda,False
728,PROTEIN ,H-FQ092,"PLANT PARTS, FOOD -- DUMAS -- TAT 10-12",2240.00,,11-14 días,Holanda,False
729,FAT (TOTAL FAT) ,H-FQ093,"ISO 1443--PLANT PARTS, FOOD -- TAT 10-12",2340.00,500g,6-10 días,Holanda,False
730,"FATTY ACIDS (PALMITIC ACID, STEARIC ACID, OLEIC ACID, LINOLEIC ACID)  ",H-FQ094,"GC-FID -- 0, 1G/100G-- PLANT PARTS, FOOD-- TAT 10-12",4400.00,, días,Holanda,False
731,SODIUM ,H-FQ095,"ICP-OES -- 0, 1 GR/100GR--PLANT PARTS, FOOD--TAT 10-12",2340.00,, días,Holanda,False
732,"POTASSIUM, CALCIUM, IRON",H-FQ096,CP-OES--FOOD--TAT10-12,3300.00,, días,Holanda,False
733,ETHANOL ,H-FQ097,GC-EVD --GRAIN AND FRUIT-- TAT 10-12,3900.00,,6-10 días,Holanda,False
734,LYCOPENE ,H-FQ098,"HPLC-UV--CROP, SOIL, WATER-- TAT 12",4740.00,, días,Holanda,False
735,PH ,H-FQ099,FOOD-- TAT 5-7,1740.00,1000g,6-10 días,Holanda,False
736,TITRABLE ACID,H-FQ100,TAT 5-7,2220.00,, días,Holanda,False
737,CHOLESTEROL,H-FQ101,"LC-MS/MS -- 0, 5 MG/KG-- -- FOOD --- TAT 7-10",4500.00,,5-7 días,Holanda,False
738,BRIX ,H-FQ102,REFRACOTMETER-- FOOD-- TAT 5-7,1860.00,,6-8 días,Holanda,False
739,"CONSISTENCY (BOSTWICK, 20§C) (VISCOSITY) ",H-FQ103,FOOD-- TAT 5-7,2100.00,, días,Holanda,False
740,AW VALUE WATER ACTIVITY,H-FQ104,PREPARED FOOD--TAT 7,2220.00,, días,Holanda,False
741,QUERCITINE,H-FQ105,C-MS.MS-- 0.1 MG/100G --FOOD- 10-12,4500.00,500, - ,Holanda,False
742,ACRYLAMIDE ,H-FQ106,LC-MS.MS-- FOOD-- TAT 7,3540.00,500 ML,5 a 8 días,Holanda,False
743,GLUTEN ,H-FQ107,ELISA-- 5 PPM--5-8,3900.00,500 G,5 a 8 días,Holanda,False
744,ANTIBIOTICS ,H-FQ108,"LC-MS.MS -- LOD 10UG/KG--MEAT, FISH--MEAT, FISH-- TAT 12-15",5700.00,500 G/ ML,5 a 8 días,Holanda,False
745,TETRACYCLINEN,H-FQ109,"C-MS.MS--0-01 PPM-- MEAT, FISH, HONEY--TAT 12-15",3540.00,500 G/ ML,5 a 8 días,Holanda,False
746,AMINOACIDS INCL TRYPTOPHAN ,H-FQ110,C+ UV DETECTOR--FOOD-- TAT 10-12,7500.00,500 G,5 a 8 días,Holanda,False
747,AMINOACIDS WITHOUT TRYPTOPHAN,H-FQ111,C+ UV DETECTOR--FOOD-- TAT 10-12,5940.00,, días,Holanda,False
748,1 AMINOACID,H-FQ112,C+ UV DETECTOR--FOOD-- TAT 10-12,3900.00,, días,Holanda,False
749,ANTHOCYAN ,H-FQ113,-- HPLC--FOOD -- TAT 5-7 ,7500.00,, días,Holanda,False
750,ACIDEZ ,H-FQ114,FOOD,1600.00,, días,Holanda,False
751,METALDEHYDE,H-FQ115,HS-GC-MS-- FOOD--TAT 5-7,3540.00,, días,Holanda,False
752,ANALISIS DE  HIPOCLORITO DE SODIO (CODE BLC),H-FQ116,UPERFICIE,3340.00,, días,Holanda,False
753,ANALISIS DE ACIDO ACETICO COMO ACIDO ORGANICO (CODE COB),H-FQ117,UPERFICIE,3820.00,, días,Holanda,False
754,POLIOLS ,H-FQ118,"PAEC-PAD--SUGAR , ENDULCORANTES--TAT 10-12",4640.00,, días,Holanda,False
755,"SOLVENTS (METHANOL, PROPANOL, ETHANOL AND ACETON",H-FQ119,"LVENTS (METHANOL, PROPANOL, ETHANOL AND ACETON)",3780.00,, días,Holanda,False
756,ETHANOL /METHANO,H-FQ120,HANOL /METHANOL,5100.00,, días,Holanda,False
757,"CALCIUM, PHOSPHORUS, IRON, ZINC ",H-FQ121,CP-TAT 10-12,2820.00,, días,Holanda,False
758,VISCOSIDAD INHERENTE,H-FQ122,AT 7-10,3700.00,, días,Holanda,False
759,,H-FQ123,,-1.00,, días,Holanda,False
760,PROPINEB,USA-FQ-001,AT 8-10,4259.20,, días,Estados Unidos,False
761,KRESOXIM MEYHYL,USA-FQ-002,AT 8-10,4259.20,, días,Estados Unidos,False
762,QUIZALOFOP,USA-FQ-003,TEFURYL--TAT 8-10,4259.20,, días,Estados Unidos,False
763,SULFURYL  FLUORIDE FEE PER SAMPLE,USA-FQ-004,AT 8-10,4600.00,200 A 500 G, días,Estados Unidos,False
764,FLUORIDE FEE PER SAMPLE,USA-FQ-005,AT 8-10 ,5500.00,200 A 500 G, días,Estados Unidos,False
765,OXATHIAPIPROLIN FEE PER SAMPLE,USA-FQ-006,RESH  PRODUCE - TAT 7-9,4900.00,500 g, - ,Estados Unidos,False
766,HEAVY METALS,H-INOR001,"CP-MS--(AL, BA, CD, CO, CR, NI, PB, CU, ZN)-- WATER Q,  FERTILIZER, SUGAR-- TAT 5-7",3237.50,,8-13 días,Holanda,False
767,HEAVY METALS IN FRESH PRODUCE,H-INOR002,"P-MS--FOOD Q (CD, AS, HG, PB),PLANT PARTS, MEAT--TAT 6-8",2596.00,, días,Holanda,False
768,HEAVY METALS IN OIL  ,H-INOR003,ICP-MS -- OIL-LIKE MATRIX -- TAT 10-12,2900.00,,9-14 días,Holanda,False
769,HEAVY METALS IN SOIL/ COMPOST ,H-INOR004,"ICP-MS-- Q--SOIL, COMPOST -- TAT 5-8",5075.00,,13-15 días,Holanda,False
770,ONE HEAVY METAL  ,H-INOR005,ICP-MS -- TAT 5-6,2747.50,,9-14 días,Holanda,False
771,HARDNESS+CODE EDS,H-INOR006,ICP--WATER--TAT 3-5,2012.50,, días,Holanda,False
772,FREE CHLORINE,H-INOR007,ATER,3727.50,500g,8-13 días,Holanda,False
773,FLUORIDE,H-INOR008,"LECTRODES--WATER, PLANT PART, SOIL-- TAT 5-6",2012.50,, días,Holanda,False
774,TSS TOTAL SUSPENDED SOLIDS,H-INOR009,ATER--TAT 6-8,2612.75,,10-14 días,Holanda,False
775,IDEM + TDS TOTAL DISSOLVED SOLIDS,H-INOR010,AT 6-8,2612.75,,8-13 días,Holanda,False
776,TURBIDITY,H-INOR011,ATER--TAT 5-7,2612.75,,8-13 días,Holanda,False
777,BIOLOGICAL OXYGEN DEMAND (BOD) ,H-INOR012,WATER -- 4 MG/L--TAT 7-10,2502.50,,9-14 días,Holanda,False
778,CHEMICAL OXYGEN DEMAND (COD) ,H-INOR013,WATER--TAT  7-10,2037.00,,5-9 días,Holanda,False
779,TOTAL ORGANIC CARBON ,H-INOR014,EN-EN-1484-- WATER--TAT 7-10,1767.50,500g,5-9 días,Holanda,False
780,DENSITY,H-INOR015,"ERTILISER, COCOA PEAT--TAT 6-8",4462.50,2L,13-16 días,Holanda,False
781,IODINE,H-INOR016,CP.MS--WATER-- TAT 6-8,2747.50,500g,10-14 días,Holanda,False
782,IODINE,H-INOR017,"CP.MS--CROP, SOIL--TAT 6-8",1951.25,,10-12 días,Holanda,False
783,SELENIUM,H-INOR018,"CP.MS--FOOD, FEEDLICKLONES--TAT 5-7",1620.50,,5-9 días,Holanda,False
784,SELENIUM,H-INOR019,"CP.MS--WATER, FERTILISER,SALT--TAT 5-7",1890.00,,5-9 días,Holanda,False
785,TRANSMISSION (254 NM),H-INOR020,ATER--TAT 5-7,1624.75,#¡VALOR!,4-6 días,Holanda,False
786,BRIX (FRUIT) ,H-INOR021,"CROP, WATER--TAT5-7",1735.00,, días,Holanda,False
787,IMAGE ANALYSIS (DETERMINATION OF PARTICLE SIZE) ,H-INOR022,WATER--TAT 13-16,1612.50,,6-9 días,Holanda,False
788,DESTRUCTION (MAJOR AND MINOR ELEMENTS) + N TOTAL,H-INOR023,"CP-MS--PLANT, LEAVES, FRUIT--TAT 6-8",2620.00,, días,Holanda,False
789,"DESTRUCTION, CHLORITE AND NITRATE ",H-INOR024,"ICP-OES-- PLANT, LEAVES, FRUIT -- TAT 7-10",1840.00,, días,Holanda,False
790,DRY MATTER ,H-INOR025,"ICP-OES--PLANT, LEAVES -- TAT 5-7",1516.00,, días,Holanda,False
791,"DRY MATTER, HUMEDITY, ORG. MAT.",H-INOR026,"LANT, LEAVES--TAT 5-7",1732.00,, días,Holanda,False
792,PLANT JUICE (ANALISIS DE SAVIA),H-INOR027,ICP-- LEAVES--TAT 5-7,1900.00,, días,Holanda,False
793,"MAJOR AND MINOR ELEMENT (NUTRITION), PH, EC",H-INOR028,"CP--Q--ESTÁNDAR WATER, DRIP, DRAIN --TAT 3-5",1780.00,, días,Holanda,False
794,WELL WATER INCL FE TOTAL ,H-INOR029,ICP--Q--WATER--TAT 3-7,2020.00,, días,Holanda,False
795,"IRRIGATION ANALYSIS (MAJOR AND MINOR ELEMENTS, PH, EC, As)",H-INOR030,CP-- Q --WATER--TAT 3-7,2950.00,, días,Holanda,False
796,"GREENHOUSE SOIL SSE (MAJOR AND MINOR ELEMENTS, PH, EC)",H-INOR031,"ICP--Q-- SOIL, SUBSTRATE--5-7",1900.00,, días,Holanda,False
797,UPTAKE ANALYSE,H-INOR032,CP-- DRIP + DRAIN+ ADVICE-- Q--TAT 3-7,2752.00,,4-6 días,Holanda,False
798,ADVICE FOR FERTILIZATION. SOIL,H-INOR033,TER-LEAVES--TAT 3-7,1432.00,, días,Holanda,False
799,FERTILISER,H-INOR034,CP--FERTILISER--TAT ,2140.00,, días,Holanda,False
800,Ca + K + Fe DETERMINATIO,H-INOR035, + K + Fe DETERMINATION,3300.00,, días,Holanda,False
801,AEROBIC PLATE COUNT/G ,H-MICRO001,"EQUAL TO ISO 4833 -- <10 CFU/G--FOOD, WATER -- TAT 5-6",827.20,, días,Holanda,True
802,ALICYCLOBACILLUS ,H-MICRO002,"FOOD, WATER--TAT 7-9",1060.00,, días,Holanda,False
803,BACILLUS CEREUS/ G ,H-MICRO003,"EQUAL TO ISO 7932 -- <10 CFU/G-- FOOD, WATER -- TAT 5-6",1028.80,,6-9 días,Holanda,True
804,CAMPYLOBACTER/25G ,H-MICRO004,"OWN METHOD--FOOD, WATER -- TAT 7-10",1427.20,,10-14 días,Holanda,False
805,CLOSTRIDIUM PERFRINGENS/ G ,H-MICRO005,"CC. NEN-EN-ISO 7937 -- <10 CFU / G-- FOOD, WATER--TAT 7-10",1427.20,,10-14 días,Holanda,False
806,COLIFORMES/G ,H-MICRO006,"QUAL TO ISO 4832 -- <10 CFU / G--FOOD, WATER -- TAT 5",875.20,,5-8 días,Holanda,True
807,E.COLI O157:H7/25G ,H-MICRO007,"WN METHOD, PCR -- FOOD, WATER -- TAT 5",1480.00,,6-9 días,Holanda,True
808,E.COLI/G ,H-MICRO008,"EQUAL TO ISO 16649-2, PLATING -- <10 CFU / G--FOOD, WATER -- TAT 5",827.20,,5-8 días,Holanda,True
809,ENTEROBACTERIACEAE/G ,H-MICRO009,"EQUAL TO ISO 21528-2 -- <10 CFU / G-- FOOD, WATER -- TAT 5",856.00,,5-8 días,Holanda,True
810,FAECALE STREPTOCOCCEN/G ,H-MICRO010,"FOOD, WATER-- TAT 5",1110.40,,5-8 días,Holanda,True
811,YEASTS *1 ,H-MICRO011,"FOOD, WATER-- TAT 6-8",827.20,,9-12 días,Holanda,False
812,LISTERIA MONOCYTOGENES/G ,H-MICRO012,"QUAL TO ISO 11290-2 -- <10 CFU/G-- FOOD, WATER --TAT 6-7 ",1134.40,,7-10 días,Holanda,True
813,LISTERIA MONOCYTOGENES/25G ,H-MICRO013,"QUAL TO ISO 112901-- FOOD, WATER -- TAT 6-7",1201.60,,7-10 días,Holanda,True
814,LISTERIA SPP./25G ,H-MICRO014,"FOOD, WATER -- TAT 6-7",1201.60,,7-10 días,Holanda,False
815,LISTERIA SPP./G ,H-MICRO015,"FOOD, WATER-- TAT 7-8",1134.40,,7-10 días,Holanda,False
816,LACTIC ACID BACTERIA ,H-MICRO016,"OWN METHOD -- <10 CFU / G-- FOOD, WATER--TAT 8-9",875.20,,7-10 días,Holanda,False
817,NOROVIRUS ,H-MICRO017,"ISO 15216-2-- FOOD, WATER-- TAT 10-12",4300.00,,10-14 días,Holanda,False
818,HEPATITUS A ,H-MICRO018,ISO 15216-2--FOOD-- TAT 10-12,5000.00,, días,Holanda,False
819,RECUENTO DE ESTAFILOCOCOS COAGULASA POSITIVA (NMP/g) ,H-MICRO019,"ISO 6888-3:1999 ICMSF -- LÍMITE n=5, c=1, m=102, M=103 ",1075.20,, días,Holanda,False
820,SALMONELLA SPP ,H-MICRO020,"ISO 6579:2002, Co: 2004, BAM-FDA:2011, USDA-FSIS:2011 -- LÍMITE n=5, c=0, AUSENCIA EN 25 g ",1435.20,250g,6-9 días,Holanda,False
821,SHIGELLA SPP/25G FOOD/WATER OWN METHO,H-MICRO021,IGELLA SPP/25G FOOD/WATER OWN METHOD,2280.00,500g, - ,Holanda,False
822,IDENTIFICACIÓN DE ALGAS (ALGAE) MÉTODO CUALITATIV,H-MICRO022,ENTIFICACIÓN DE ALGAS (ALGAE) MÉTODO CUALITATIVO,1800.00,, días,Holanda,False
823,SALMONELLA,H-MICRO023,SDA-FSIS:2011--MATRIX: HUMIC ACIDS,2241.12,300 ml,7-9 días,Holanda,False
824,FECAL COLIFORM,H-MICRO024,SDA-FSIS:2011-MATRIX: HUMIC ACIDS ,1275.12,300 ml,7-9 días,Holanda,False
825,FUNGI,H-MICRO025,OOD WATER-- TAT 7-8,-1.00,, días,Holanda,False
826,"SALMONELLA, 25G",H-MICRO026,EQUAL TO ISO 6579-- Q -- TAT 5-6,-1.00,, días,Holanda,False
827,SHIGELLA SPP/25G ,H-MICRO027,WN METHOD-- FOOD/WATER -- TAT 9,-1.00,, días,Holanda,False
828,STAPHYLOCOCCUS AUREUS/G ( INCL. COAGUALASE/ G COUNT),H-MICRO028,EQUAL TO ISO 6888-1-- Q -- TAT 5,-1.00,, días,Holanda,False
829,STEC 25 G,H-MICRO029,CONFORM ISO 13136-- Q-- TAT 6,2580.00,, días,Holanda,False
830,FUNGY AND YEASTS,H-MICRO030,EQUAL TO AOAC997.02-- <10 CFU/G --Q -- TAT 8,-1.00,, días,Holanda,False
831,VIBRIO SPP./ 25 G,H-MICRO031,"FOOD, WATER--TAT 9",-1.00,, días,Holanda,False
832,AEROBIC PLATE COUNT AT 37°C,H-MICRO032,WN METHOD--TAT 9,-1.00,, días,Holanda,False
833,AEROBIC PLATE COUNT AT 22 °C,H-MICRO033,OWN METHOD-- TAT 7,-1.00,, días,Holanda,False
834,ANAEROBIC PLATE COUNT,H-MICRO034,"OOD, WATER--  TAT 7",-1.00,, días,Holanda,False
835,SULFITE REDUCING BACTERIA,H-MICRO035,AT 8,-1.00,, días,Holanda,False
836,AEROBIC MESOPHILIC(30°C) SPORE FORMS,H-MICRO036,LATING--TAT 7,-1.00,, días,Holanda,False
837,AEROBIC THERMOPHILIC (55°C) SPORE FORMS,H-MICRO037,LATING--TAT 7,-1.00,, días,Holanda,False
838,ANAEROBIC MESOPHILIC (30 °C)  SPORE FORMS,H-MICRO038,LATING-- TAT 7,-1.00,, días,Holanda,False
839,ANAEROBIC THERMOPHILIC (55°C) SPORE FORMS,H-MICRO039,LATING--TAT 7,-1.00,, días,Holanda,False
840,"PACKAGE NOROVIRUS (GI, GII)  AND HEPATITIS A ,INC. INTERNATIONAL SHIPPING",CAN-MICRO0001,--TAT 4-6,10500.00,1 KG  (DUPLICADO), días,Canadá,False
841,YERSINIA ,H-OTROS001,PLANT -- PLATING,2600.00,, días,Holanda,False
842,PSEUDOMONAS SPP/GRAM ,H-OTROS002,FOOD,1904.00,1000g,6-9 días,Holanda,False
843,VIBRIO ,H-OTROS003,"FOOD, FISH",2000.00,,6-9 días,Holanda,False
844,PATULINE SOLID ,H-OTROS004,SOLID -- LC-MS.MS -- 20 PPB,4400.00,500g,11-15 días,Holanda,False
845,PATULINE LIQUID ,H-OTROS005,"PUREE, JUICES -- LC-MS.MS -- 5 PPB",3584.00,500g,11-15 días,Holanda,False
846,BACITRACINE ,H-OTROS006,"MEAT, EGG, MILK -- LC-MS.MS -- >0,02MG/KG",5000.00,500g,11-15 días,Holanda,False
847,STRONTIUM ,H-OTROS007,WATER,3200.00,, días,Holanda,False
848,CHROMO 6 ,H-OTROS008,WATER -- 5UG/L,3320.00,500g,9-14 días,Holanda,False
849,CHROMO 6 ,H-OTROS009,"SOIL -- 0,1 MG/KGDM",4520.00,500g,9-14 días,Holanda,False
850,SELENIUM ,H-OTROS010,WATER,3200.00,, días,Holanda,False
851,CYAN ,H-OTROS011,WATER -- 5UG/L,2840.00,500ml,8-13 días,Holanda,False
852,CARBONATE ,H-OTROS012,WELL WATER,2360.00,250ml cuando ph es 8,8-13 días,Holanda,False
853,SOLVENT RESIDUES ,H-OTROS013,FOOD -- HS-GC-MS,5600.00,500g,11-16 días,Holanda,False
854,TANNIN (TANNIC ACID) ,H-OTROS014,FOOD -- SPECTROFOTMETRY -- 0.00001,3200.00,500g,11-16 días,Holanda,False
855,SEDIMENT ,H-OTROS015,"OIL, FAT -- ISO 15301",2960.00,500ml,9-12 días,Holanda,False
856,INSOLUBLE IMPURITIES ,H-OTROS016,"OIL, FAT -- ISO 663 -- 0.0001",2600.00,500ml,10-14 días,Holanda,False
857,NITROFURANEN ,H-OTROS017,"MEAT FISH EGGS-- LC-MS.MS -- <0,1-<1,0PPM",5360.00,500g. Eggs 25 u,11-15 días,Holanda,False
858,"AFLATOXINE M1 < 3,5% FAT ",H-OTROS018,"MILK -- IAC-LC-FLD -- 0,01UG/KG",3128.00,1000ml,12-16 días,Holanda,False
859,"IDEM > 3,5% FAT ",H-OTROS019,MILK,4160.00,500g,12-16 días,Holanda,False
860,CHLOORANISOLE ,H-OTROS020,"FOOD -- GC-MS.MS -- 0,1 PPM",5000.00,500g,9-12 días,Holanda,False
861,CHLOROPHENOL ,H-OTROS021,"FOOD -- GC-MS.MS -- 0,005-0,1 PPM",5000.00,500g,9-12 días,Holanda,False
862,DICHLOORPROPENE ,H-OTROS022,"FOOD -- HS-GC-FPD -- 0,01PPM",3800.00,500g,10-14 días,Holanda,False
863,CHLOORPICRINE ,H-OTROS023,"FOOD -- GC-MS.MS -- 0,01PPM",3800.00,500g,10-14 días,Holanda,False
864,SULFURYLFLUORIDE ,H-OTROS024,"CEREALS -- HS-GC-MS -- 0,01PPM",5120.00,500g,12-16 días,Holanda,False
865,TOTAL OF POLYPHENOL ,H-OTROS025,"FOOD, COCOA, FRUITPOWDER -- FOLIN-CIOCALTEN METHOD -- 50MG/KG EQ",4040.00,500g,12-16 días,Holanda,False
866,PO4 /POLYPHOSPHATES ,H-OTROS026,FISH (FROZEN),6080.00,500g,8-12 días,Holanda,False
867,"MANGANESE, IRON,SODIUM ",H-OTROS027,FISHFLOUR,2240.00,, días,Holanda,False
868,GLASS IN SUGAR ,H-OTROS028,SUGAR -- AOAC 945-80,3560.00,500g,11-15 días,Holanda,False
869,CRUDE FIBR,H-OTROS029,UDE FIBRE,2792.00,500g,8-12 días,Holanda,False
870,CYSTEINE PURE ,H-OTROS030,"CYSTEINE -- EU 152/ 2009 -- 0,01G/100G",3800.00,250g,11-15 días,Holanda,False
871,SAPONIFICATION INDEX ,H-OTROS031,OIL -- MG/KOH/G,2504.00,250g,9-12 días,Holanda,False
872,IDEM ,H-OTROS032,CHOCOLATE,3104.00,, días,Holanda,False
873,IONDINE INDEX ,H-OTROS033,"OIL -- 0,1G/100G",3248.00,,9-12 días,Holanda,False
874,IDEM ,H-OTROS034,CHOCLOLATE,3848.00,, días,Holanda,False
875,PEROXIDE INDEX ,H-OTROS035,"OIL -- TITRIMETRIC -- 0,2MEQO2/KG",2552.00,1000g,9-12 días,Holanda,False
876,TARTRAZINE ,H-OTROS036,OOD -- IC,3008.00,,13-16 días,Holanda,False
877,SODIUMCITRATE ,H-OTROS037,FISH,4400.00,, días,Holanda,False
878,CITRICACID ,H-OTROS038,OIL,4040.00,250g,11-15 días,Holanda,False
879,PROPYLGALLATE ,H-OTROS039,OIL,3608.00,250g,14-17 días,Holanda,False
880,ASCORBYL PALMITATE ,H-OTROS040,OIL,4328.00,250g,12-16 días,Holanda,False
881,FLAVONOID PROFILE ,H-OTROS041,"FOOD, COCOA -- LC-DAD -- MATRIX",10760.00,250g,18-21 días,Holanda,False
882,BENZOIC AND SORBIC ACID ,H-OTROS042,FOOD -- LC-UV -- 5 MG/KG,3248.00,250g,11-15 días,Holanda,False
883,CAFFEINE ,H-OTROS043,"COFFEE, TEA -- HPLC-UV -- 0.0003",4040.00,500g,11-15 días,Holanda,False
884,ENERGY DRINK POTASSIUMSORBATE ,H-OTROS044,"LIQUD -- 0,4MG/100ML",1400.00,, días,Holanda,False
885,AND SODIUMBENZOATE ,H-OTROS045,HPLC-UV--TAT 8-11,5120.00,,6-9 días,Holanda,False
886,TAURINE ,H-OTROS046,NMR -- 25MG/L,4880.00,,12-16 días,Holanda,False
887,GLUCORONLACTONE ,H-OTROS047,NMR -- 20MG/L,3800.00,,18-21 días,Holanda,False
888,FOSFINE (PH3) ,H-OTROS048,"FOOD -- HS-GC-NPD -- 0,001MG/KG",3800.00,1000g,11-15 días,Holanda,False
889,FORMO,H-OTROS049,RMOL,3320.00,500ml,12-16 días,Holanda,False
890,FORBIDDEN DYES ,H-OTROS050,FOOD,6680.00,,10-14 días,Holanda,False
891,ANTIPARASITIC DYES ,H-OTROS051,FISH -- LC-MS.MS -- SEE FILE,4160.00,500g,11-14 días,Holanda,False
892,FLAVONOIDEN ,H-OTROS052,FOOD,1400.00,, días,Holanda,False
893,I,H-OTROS053,"FTYLACETIC ACID -- LC-MS.MS -- 0,05MG/KG",3560.00,500g,8-11 días,Holanda,False
894,D.GLUCONIC,H-OTROS054,"ID -- ENZYMATICASSAY -- 0,04G/KG",2888.00,500g,13-16 días,Holanda,False
895,FALLING NUMBE,H-OTROS055,LLING NUMBER,3080.00,, días,Holanda,False
964,CENIZAS NMX,MX-FQ004,607-NORMEX-2013,532.35,, días,México,False
896,"GMO OIL MARGARINES,METHOD REAL TIME PCR LOD 0.1",H-OTROS056,"O OIL MARGARINES,METHOD REAL TIME PCR LOD 0.1%",6200.00,1000g,10-13 días,Holanda,False
897,RADIATION ,H-OTROS057,spectofotometría de Gamma Q (9-12 días),3950.00,,9-12 días,Holanda,False
898,TRYPSINE INHIBITER ACTIVITY ,H-OTROS058,"SPECTROPHOTOMETER -- 0,2MG/GR",3968.00,250g,7-10 días,Holanda,False
899,CARMINE IN COCHINED ,H-OTROS059,FCC9,4400.00,250g,12-15 días,Holanda,False
900,MONOSODIUMGLUTAMATE ,H-OTROS060,"FOOD -- ISO 13903/2005 -- 0,05-0,1 G/100G",4040.00,,10-13 días,Holanda,False
901,HYDROXYMETHYLFURFURAL ,H-OTROS061,JUCE -- LC-UV/DAD -- 10PPM,4592.00,,12-15 días,Holanda,False
902,SULFONAMIDEN ,H-OTROS062,HONEY,4712.00,250g,11-14 días,Holanda,False
903,TOTAL OF POLYPHENOL ,H-OTROS063,FOLIN-CIOCALTEN -- ,4400.00,, días,Holanda,False
904,PAK 16 (PHA) ,H-OTROS064,FOOD,5120.00,250g,10-13 días,Holanda,False
905, PAK 4 (PHA) ,H-OTROS065,FOOD,4400.00,250g,10-13 días,Holanda,False
906,VITAMIN B12 ,H-OTROS066,"FOOD -- AOAC 952.20 -- 0,01UG/AOOOGR",3680.00,, días,Holanda,False
907,BETA,H-OTROS067,ROTEEN (PROVIT A) -- FOOD -- HPLC/UV -- 5UG/100G,3800.00,,8-11 días,Holanda,False
908,REDUCING SUGARS ,H-OTROS068,FOOD -- 0.001,3800.00,1000g,11-14 días,Holanda,False
909,MELAMINE ,H-OTROS069,"MILK, FOOD-- LC-MS.MS -- 0,5MG/KG--TAT 10",4640.00,250g,11-14 días,Holanda,False
910,IODINE ,H-OTROS070,"CROP, SALT -- 0,2MG/KG",4400.00,500g,11-14 días,Holanda,False
911, FREE 3,H-OTROS071,"PD -- FOOD -- GC-MS.MS -- 0,5ML/KG",5240.00,500g,10-13 días,Holanda,False
912,3,H-OTROS072,PD ESTERS + GLYCIDOL ESTERS -- OIL -- GC-MS.MS,7160.00,500g,10-13 días,Holanda,False
913,3,H-OTROS073,PD ESTERS -- OIL -- GC-MS.MS -- 100UG/KG,5000.00,500g,10-13 días,Holanda,False
914,ALLERGENS SCREENING ,H-OTROS074,FOOD -- LC.MS-- TAT 10-12,3900.00,>5 samples,10-13 días,Holanda,False
915,ONE ALLERGENS,H-OTROS075,OOD--LC.MS--TAT 10-12 ,-1.00,, días,Holanda,False
916,ANTRACHINON ,H-OTROS076,GC-MS.MS,3440.00,, días,Holanda,False
917,RESISTANT STARCH ,H-OTROS077,FOOD -- SPECTROFOTOMETRY -- 0.003,4160.00,500g,15-18 días,Holanda,False
918,STARCH ,H-OTROS078,"FOOD -- ENZYMATIC -- 0,1G/100G",3200.00,,8-11 días,Holanda,False
919,TOTAL OF CAROTENOIDS ,H-OTROS079,"FRUIT JUICES -- SPECTROFOTOMETRY -- 0,5MG/L",5120.00,2 samples of 250g frozen and in dark container,13-16 días,Holanda,False
920,CAROTENOID PACKAGE ,H-OTROS080,OTHER PRODUCTS -- HPLC/UV,6440.00,2 samples of 250g frozen and in dark container,11-15 días,Holanda,False
921,LUTEIN+ZEAXANTHIN ,H-OTROS081,"FISH FLOUR, PET, FOOD SUPPLEMENTS -- HPLC/UV-VIS -- 2MG/KG BOTH",4880.00,2 samples of 250g frozen and in dark container,11-15 días,Holanda,False
922,TRICHLOORMETHAAN (CHLOROFORM) ,H-OTROS082,"FOOD, LEAVES -- NRN15680 -- <2MG/KG",5048.00,500g, días,Holanda,False
923,STEVIOL GLYCOSIDES (STEVIA,H-OTROS083,"60) -- FRUITJUICE, SWEETENER,FRUIT -- HPLC-UV -- 200MG/KG",5600.00,250g,13-16 días,Holanda,False
924,"PUNGENCY, SPICY ",H-OTROS084,PEPPER -- LC-DAD -- 20MG/KG EACH,4640.00,,12-15 días,Holanda,False
925,QUERCITINE ,H-OTROS085,"FOOD -- LC-MS.MS -- 0,1 MG/100G",4400.00,, días,Holanda,False
926,GLUCOSINOLATEN ,H-OTROS086,"CANOLA, RAPESEED -- HPLC-UV DETECTION -- DEPENDS",5432.00,,11-14 días,Holanda,False
927,MOISTURE AND VOLATILE CONSTITUENTS ,H-OTROS087,"CANOLA, RAPESEED -- GRAVIMETRY -- 0.001",5432.00,1000g,11-14 días,Holanda,False
928,ANASIDINE VALUE ,H-OTROS088,"OIL,FAT, MARGARINE -- ISO 6885 -- 0.1",3176.00,1000g,10-13 días,Holanda,False
929,ARSENIC ,H-OTROS089,"SOLVENT -- ICP-MS AFTER PMD -- 0,1MG/KG",3248.00,250ml,11-14 días,Holanda,False
930,COLOUR ,H-OTROS090,"FOOD, BANANAPOWDER -- COLORIMETER -- NO",4352.00,, días,Holanda,False
931,AUTHENTICITY TEST ,H-OTROS091,PASSION JUICE -- SEVERAL TESTS,12200.00,, días,Holanda,False
932,"NITROGEN FREE EXTRACT, DRY MATTER, ETHER EXTRACT, CRUDE PROTEIN, CRUDE FIBER ",H-OTROS092,FOOD,7768.00,, días,Holanda,False
933,STREPTOMYCIN HPLC,H-OTROS093,REPTOMYCIN HPLC ,4700.00,, días,Holanda,False
934,OXYTETRACYCLINE HPL,H-OTROS094,YTETRACYCLINE HPLC,4700.00,, días,Holanda,False
935,MÉTODO RANCIMANT / ISO661,H-OTROS095,TODO RANCIMANT / ISO661 ,3950.00,, - ,Holanda,False
936,ANÁLISIS DE ÁCAROS EN HOJ,H-OTROS096,ÁLISIS DE ÁCAROS EN HOJA,4835.00,, días,Holanda,False
937,ANÁLISIS DE ÁCAROS EN FRUT,H-OTROS097,ÁLISIS DE ÁCAROS EN FRUTO,3520.00,, días,Holanda,False
938,MOSH / MOAH ANALYSIS,H-OTROS098,T 20-25,12480.00,, días,Holanda,False
939,Relación Fructosa/Glucosa (F/G),GER-HONEY-001,PLC,2357.00,, días,Alemania,False
940,Relación Fructosa/Glucosa (F/G),GER-HONEY-002,Photometry,2100.00,, días,Alemania,False
941,Sacarasa (Invertasa) ,GER-HONEY-003,tividad (Siegenthaler)--DIN 10759 mod.,1958.40,, días,Alemania,False
942,Sacarosa,GER-HONEY-004,PLC/DIN 10758,2234.40,, días,Alemania,False
943,Humedad,GER-HONEY-005,IN 10752,1720.80,, días,Alemania,False
944,Acidez,GER-HONEY-006,N 10756,1804.40,, días,Alemania,False
945,Conductividad Eléctrica,GER-HONEY-007,IN 10753 mod.,1759.20,, días,Alemania,False
946,Diastasa (Método,GER-HONEY-008,hade)--DIN 10750 mod.,2097.60,, días,Alemania,False
947,Diastasa (Método,GER-HONEY-009,trophenol)--Photometry,2097.60,, días,Alemania,False
948,HMF (Hidroximetilfurfural),GER-HONEY-010,PLC,2100.00,, días,Alemania,False
949,HMF (Hidroximetilfurfural),GER-HONEY-011,hotometry,2100.00,, días,Alemania,False
950,"Análisis de comercio: Humedad, HMF, Diastasa (Método",GER-HONEY-012,"hade), pH, Acidez--photometry ",2460.00,, días,Alemania,False
951,Espectro de Azúcares,GER-HONEY-013,"ructosa, Glucosa, Sacarosa, Turanosa, Maltosa, Trehalosa, Isomaltosa, Erlosa, Melizitosa, Maltriosa, F/G Ratio--HPLC / DIN 10758",2532.00,, días,Alemania,False
952,NMR,GER-HONEY-014,reening: Perfil de la miel para autenticidad y calidad--1H-NMR,5100.00,, días,Alemania,False
953,Paquete Screening  adulteración / calidad / autenticidad 1H,GER-HONEY-015,R-perfil  +  13C-Análisis Isotópicos  LC-IRMS (C3/C4-azúcar),8340.00,, días,Alemania,False
954,Ceniza,GER-HONEY-016,nizas,942.40,, días,Alemania,False
955,Paquete screening de antibióticos,GER-HONEY-017,"streptomicinas, Sulfonamidas, Tetraciclinas, Macrólidos, Fluoroquinolonas (2ppb), Nitrofuranos Metabolitos, Nitroimidazoles  (0.5ppb), CAP (0.1ppb)-- LC-MS-MS",10100.00,, días,Alemania,False
956,"Conteo aerobio, Enterob., E.Coli, Salm., Moho y Levadura",GER-HONEY-018,ethod § 64 LFGB,2780.00,, días,Alemania,False
957,,GER-HONEY-019,,-1.00,, días,Alemania,False
958,,GER-HONEY-020,,-1.00,, días,Alemania,False
959,,GER-HONEY-021,,-1.00,, días,Alemania,False
960,,GER-HONEY-022,,-1.00,, días,Alemania,False
961,PROTEÍNA NMX,MX-FQ001,608-NORMEX-2011,750.75,, días,México,False
962,HUMEDAD NOM,MX-FQ002,6-SSA1-1994,450.45,, días,México,False
963,GRASA NMX,MX-FQ003,615-NORMEX-2004,750.75,, días,México,False
965,AZUCARES REDUCTORES TOTALES NOM,MX-FQ005,6-SSA1-1994,761.67,, días,México,False
966,AZUCARES REDUCTORES DIRECTOS (COMO LACTOSA) NOM,MX-FQ006,5-SCFI-2012 APÉNDICE NORMATIVO A. PARTE 8.10,723.45,, días,México,False
967,FIBRA CRUDA NMX,MX-FQ007,613-NORMEX-2013,805.35,, días,México,False
968,FIBRA DIETÉTICA NOM,MX-FQ008,6-SSA1-1994,3651.38,, días,México,False
969,"AFLATOXINAS TOTALES (B1,G1,B2,G2) NOM",MX-FQ009,7-SSA1-2008,2306.85,, días,México,False
970,VOMITOXINAS ELISA VERATO,MX-FQ010,MITOXINAS ELISA VERATOX,2675.40,, días,México,False
971,ÁCIDO FÓLICO VITA FAS,MX-FQ011,IDO FÓLICO VITA FAST,2701.34,, días,México,False
972,ÁCIDO FÓLICO VITA FAS,MX-FQ012,IDO FÓLICO VITA FAST,1329.51,, días,México,False
973,CLORUROS (COMO NACL) NOM,MX-FQ013,6-SSA1-1994,559.65,, días,México,False
974,CROMATOGRAFÍA DE GRASAS NMX,MX-FQ014,490-NORMEX-1999,1651.65,, días,México,False
975,COLESTEROL NOM,MX-FQ015,6-SSA1-1994,1897.35,, días,México,False
976,CARBOHIDRATOS POR CÁLCUL,MX-FQ016,RBOHIDRATOS POR CÁLCULO,0.00,, días,México,False
977,CALORÍAS POR CÁLCUL,MX-FQ017,LORÍAS POR CÁLCULO,0.00,, días,México,False
978,SÓLIDOS TOTALES NMX,MX-FQ018,103-NORMEX-2009,395.85,, días,México,False
979,PH NMX,MX-FQ019,317-NORMEX-2013,409.50,, días,México,False
980,ACIDEZ (COMO ÁCIDO LÁCTICO) NOM,MX-FQ020,5-SCFI-2012 APÉNDICE NORMATIVO A. PARTE 8.3,702.98,, días,México,False
981,DENSIDAD NMX,MX-FQ021,424-1982,436.80,, días,México,False
982,ACTIVIDAD ACUOSA (AW) NMX,MX-FQ022,621-NORMEX-2008,586.95,, días,México,False
983,DUREZA DE AGUA (COMO CACO3) NMX,MX-FQ023,-072-SCFI-2001,716.63,, días,México,False
984,CLORO RESIDUAL KIT COMERCIA,MX-FQ024,ORO RESIDUAL KIT COMERCIAL,204.75,, días,México,False
985,PERÓXIDOS NMX,MX-FQ025,4-NORMEX-2004,685.23,, días,México,False
986,NITRATOS NOM,MX-FQ026,2-SSA1-1994,525.53,, días,México,False
987,CALCIO AOAC (2000) MET 985.3,MX-FQ027,LCIO AOAC (2000) MET 985.35,569.21,, días,México,False
988,"MULTIRESIDUAL DE PLAGUICIDAS (ORGANOCLORADOS, ORGANOFOSFORADOS, ORGANONITROGENADOS Y CARBAMATOS",MX-FQ028,"LTIRESIDUAL DE PLAGUICIDAS (ORGANOCLORADOS, ORGANOFOSFORADOS, ORGANONITROGENADOS Y CARBAMATOS)",3651.38,, días,México,False
989,ANÁLISIS MICROBIOLÓGICOS Y FISICOQUÍMICOS EN MUESTRAS DE AGUA MATERIA PRIMA NOM,MX-FQ029,7-SSA1-1994,3950.00,, días,México,False
990,ANÁLISIS DE MATERIA EXTRAÑ,MX-FQ030,ÁLISIS DE MATERIA EXTRAÑA,1274.00,, días,México,False
991,GRADOS BRI,MX-FQ031,ADOS BRIX,380.00,, días,México,False
992,DETERMINACIÓN DE VAINILLINA,MX-FQ032,TERMINACIÓN DE VAINILLINA ,3750.00,500, - ,México,False
993,BACTERIAS MESOFÍLICAS AEROBIAS (UFC) NOM,MX-MICRO001,2-SSA1-1994-- Q-- TAT 3-4,345.35,, días,México,False
994,BACTERIAS MESOFÍLICAS AEROBIAS (UFC) AOAC 990.12,MX-MICRO002,AT 3-4,555.56,, días,México,False
995,COLIFORMES TOTALES (UFC) NOM,MX-MICRO003,3-SSA1-1994--Q--TAT 2-3,330.33,, días,México,False
996,COLIFORMES TOTALES (UFC) AOAC 991.14,MX-MICRO004,Q-- TAT 2-3,555.56,, días,México,False
997,COLIFORMES FECALES (UFC) AFNOR 3M 01/2,MX-MICRO005,/89 C--Q-- TAT 2-3,555.56,, días,México,False
998,MOHOS Y LEVADURAS (UFC) NOM,MX-MICRO006,1-SSA1-1994--Q-- TAT 6-7,390.39,, días,México,False
999,COLIFORMES TOTALES (NMP) NOM,MX-MICRO007,0-SSA1-2014 APÉNDICE H--Q-- TAT 2-3,300.30,, días,México,False
1000,COLIFORMES FECALES  (NMP) NOM,MX-MICRO008,0-SSA1-2014 APÉNDICE H--Q-- TAT 2-3,300.30,, días,México,False
1001,E. COLI (NMP) NOM,MX-MICRO009,0-SSA1-2014 APÉNDICE H--Q--3-12,330.33,, días,México,False
1002,E. COLI (UFC) AOAC 991.14,MX-MICRO010,-- TAT 3-4,555.56,, días,México,False
1003,ENTEROBACTERIAS (UFC) NSM,MX-MICRO011,23 03.05.05-- TAT 2-3 ,330.33,, días,México,False
1004,BACTERIAS ÁCIDO LÁCTICAS (UFC) AOAC PTM 041701,MX-MICRO012,TAT 5,675.68,, días,México,False
1005,BACILLUS CERERUS AOAC (2000) MET 980.31,MX-MICRO013,TAT 10,750.75,, días,México,False
1006,CLOSTRIDIUM PERFINGENS AOAC (2000) MET 976.30,MX-MICRO014,AT 10,750.75,, días,México,False
1007,ENTEROTOXINA ESTAFILOCÓCICA NOM,MX-MICRO015,3-SSA1-2010-- TAT 30,2047.50,, días,México,False
1008,SALMONELLA SPP (25 G O SUPERFICIE) NOM,MX-MICRO016,0-SSA1-2014 APÉNDICE A- TAT 5-9,1006.01," $1,006.01 ", - ,México,False
1009,SALMONELLA SPP (125 G O SUPERFICIE) NOM,MX-MICRO017,0-SSA1-2014 APÉNDICE A,1217.58,, días,México,False
1010,SALMONELLA SPP (375 G ) NOM,MX-MICRO018,0-SSA1-2014 APÉNDICE A,1501.50,, días,México,False
1011,SALMONELLA SPP (750 G O SUPERFICIE) NOM,MX-MICRO019,0-SSA1-2014 APÉNDICE A,2612.50,, días,México,False
1012,SALMONELLA SPP (25 G O SUPERFICIE) AOAC OFFICIAL METHOD 996.08 (VIDAS ASSAY,MX-MICRO020,LMONELLA SPP (25 G O SUPERFICIE) AOAC OFFICIAL METHOD 996.08 (VIDAS ASSAY),1343.16,, días,México,False
1013,SALMONELLA SPP (125 G O SUPERFICIE) AOAC OFFICIAL METHOD 996.08 (VIDAS ASSAY,MX-MICRO021,LMONELLA SPP (125 G O SUPERFICIE) AOAC OFFICIAL METHOD 996.08 (VIDAS ASSAY),1501.50,, días,México,False
1014,SALMONELLA SPP (375 G) AOAC OFFICIAL METHOD 996.08 (VIDAS ASSAY) TAT 4,MX-MICRO022,,1774.50,, días,México,False
1015,SALMONELLA SPP (750 G O SUPERFICIE) AOAC OFFICIAL METHOD 996.08 (VIDAS ASSAY,MX-MICRO023,LMONELLA SPP (750 G O SUPERFICIE) AOAC OFFICIAL METHOD 996.08 (VIDAS ASSAY),3087.50,, días,México,False
1016,SALMONELLA SPP (25 G O SUPERFICIE) PCR TIEMPO REAL AOAC OFFICIAL METHOD 2013.0,MX-MICRO024,LMONELLA SPP (25 G O SUPERFICIE) PCR TIEMPO REAL AOAC OFFICIAL METHOD 2013.02,1543.75,, días,México,False
1017,SALMONELLA SPP (125 G O SUPERFICIE) PCR TIEMPO REAL AOAC OFFICIAL METHOD 2013.0,MX-MICRO025,LMONELLA SPP (125 G O SUPERFICIE) PCR TIEMPO REAL AOAC OFFICIAL METHOD 2013.02,1870.00,, días,México,False
1018,SALMONELLA SPP (375 G ) PCR TIEMPO REAL AOAC OFFICIAL METHOD 2013.02 TAT 4,MX-MICRO026,,1947.50,, días,México,False
1019,SALMONELLA SPP (750 G O SUPERFICIE) PCR TIEMPO REAL AOAC OFFICIAL METHOD 2013.0,MX-MICRO027,LMONELLA SPP (750 G O SUPERFICIE) PCR TIEMPO REAL AOAC OFFICIAL METHOD 2013.02,3895.00,, días,México,False
1020,SALMONELLA SPP (375 G O SUPERFICIE) FDA BAM CAPITULO 5,MX-MICRO028,AT 5-9,1414.14,, días,México,False
1021,LISTERIA MONOCYTOGENES (25 G O SUPERFICIE) NOM,MX-MICRO029,0-SSA1-1994 APÉNDICE C ,1597.05,, días,México,False
1022,LISTERIA MONOCYTOGENES (125 G) NOM,MX-MICRO030,0-SSA1-1994 APÉNDICE C,3003.00,, días,México,False
1023,LISTERIA MONOCYTOGENES (375 G O SUPERFICIE) NOM,MX-MICRO031,0-SSA1-1994 APÉNDICE C,4641.00,, días,México,False
1024,LISTERIA MONOCYTOGENES 750 G O SUPERFICIE) NOM,MX-MICRO032,0-SSA1-1994 APÉNDICE C,8075.00,, días,México,False
1025,LISTERIA SPP (25 G O SUPERFICIE) AOAC OFFICIAL METHOD 2004.06 (VIDAS ASSAY),MX-MICRO033,AT 3-9,1392.30,, días,México,False
1026,LISTERIA SPP (125 G) AOAC OFFICIAL METHOD 2004.06 (VIDAS ASSAY,MX-MICRO034,STERIA SPP (125 G) AOAC OFFICIAL METHOD 2004.06 (VIDAS ASSAY),1995.00,, días,México,False
1027,LISTERIA SPP (375 G O SUPERFICIE) AOAC OFFICIAL METHOD 2004.06 (VIDAS ASSAY,MX-MICRO035,STERIA SPP (375 G O SUPERFICIE) AOAC OFFICIAL METHOD 2004.06 (VIDAS ASSAY),3132.68,, días,México,False
1028,STAPHYLOCOCCUS AUREUS NOM,MX-MICRO036,0-SSA1-2014 APÉNDICE B-- TAT 3-6,1055.15,, días,México,False
1029,E. COLI O 157:H7 (25 G O SUPERFICIE) VALIDACIÓN AFNOR BIO 12/2505/09 VIDAS UP,MX-MICRO037,--TAT 2-6,1171.17,, días,México,False
1030,E. COLI O 157:H7 (125 G O SUPERFICIE) VALIDACIÓN AFNOR BIO 12/2505/09 VIDAS UP,MX-MICRO038,--TAT 2-6,1681.68,, días,México,False
1031,E. COLI O 157:H7 (375 G O SUPERFICIE) VALIDACIÓN AFNOR BIO 12/2505/09 VIDAS UP,MX-MICRO039,--TAT--2-6,1771.77,, días,México,False
1032,E. COLI O 157:H7 (25 G O SUPERFICIE) PCR TIEMPO REAL AOAC RI 031002,MX-MICRO040,AT 2-6,1876.88,, días,México,False
1033,E. COLI O 157:H7 (125 G O SUPERFICIE) PCR TIEMPO REAL AOAC RI 031002,MX-MICRO041,AT 2-6,2013.38,, días,México,False
1034,E. COLI O 157:H7 (375 G O SUPERFICIE) PCR TIEMPO REAL AOAC RI 031002,MX-MICRO042,TAT 2-6,2144.42,, días,México,False
1035,E. COLI STEC (PRODUCTORA DE TOXINA SHIGA) (25 G O SUPERFICIE) PCR TIEMPO REAL AOAC RI 091301,MX-MICRO043,T 1-9,2702.70,, días,México,False
1036,E. COLI STEC (PRODUCTORA DE TOXINA SHIGA) (125 G O SUPERFICIE) PCR TIEMPO REAL AOAC RI 091301,MX-MICRO044,AT 1-9,2770.95,, días,México,False
1037,E. COLI STEC (PRODUCTORA DE TOXINA SHIGA) (375 G O SUPERFICIE) PCR TIEMPO REAL AOAC RI 091301,MX-MICRO045,T 1-9,3043.95,, días,México,False
1038,E. COLI,MX-MICRO046,PA METHOD 1604 (FILTRACIÓN POR MEMBRANA)--Q--TAT 2-3,440.00,, días,México,False
1039,COLIFORMES TOTALES,MX-MICRO047,EPA METHOD 1604 (FILTRACION POR MEMBRANA)--Q--TAT 2-3,440.00,, días,México,False
1040,COLIFORMES FECALES,MX-MICRO048,"OM-181-SSA1-1998, APENDICE B (FILTRACION POR MEMBRANA)--Q--TAT 2-5",999.90,, días,México,False
1041,PAQUETE E. COLI + COLIFORMES TOTALES,MX-MICRO049,PA METHOD 1604 (FILTRACION POR MEMBRANA)-- TAT 2-3,612.50,, días,México,False
1042,PAQUETE E. COLI+ COLIFORMES FECALES + COLIFORMES TOTALES  (FILTRACION POR MEMBRANA) (NOM,MX-MICRO050,1-SSA1-1998 + EPA METHOD 1604 ),1650.00,, días,México,False
1043,MONITOREO AMBIENTAL MESOFÍLICOS EXPOSICIÓN EN PLACA 15 MIN. SEDIMENTACIÓN NATURAL POR GRAVEDAD,MX-MICRO051,NITOREO AMBIENTAL MESOFÍLICOS EXPOSICIÓN EN PLACA 15 MIN. SEDIMENTACIÓN NATURAL POR GRAVEDAD.,259.35,, días,México,False
1044,MONITOREO AMBIENTAL MOHOS Y LEVADURAS EXPOSICIÓN EN PLACA 15 MIN. SEDIMENTACIÓN NATURAL POR GRAVEDAD,MX-MICRO052,NITOREO AMBIENTAL MOHOS Y LEVADURAS EXPOSICIÓN EN PLACA 15 MIN. SEDIMENTACIÓN NATURAL POR GRAVEDAD.,341.25,, días,México,False
1045,MONITOREO DE COLIFORMES TOTALES EXPOSICIÓN EN PLACA 15 MIN. SEDIMENTACIÓN NATURAL POR GRAVEDAD,MX-MICRO053,NITOREO DE COLIFORMES TOTALES EXPOSICIÓN EN PLACA 15 MIN. SEDIMENTACIÓN NATURAL POR GRAVEDAD.,259.35,, días,México,False
1046,RETO MICROBIANO NMX,MX-MICRO054,-040 VERIFICACIÓN DE LA EFECTIVIDAD DE UN SANITIZANTE E. COLI ATCC 25922,3303.30,, días,México,False
1047,RETO MICROBIANO NMX,MX-MICRO055,-040 VERIFICACIÓN DE LA EFECTIVIDAD DE UN SANITIZANTE STAPHYLOCOCCUS AUREUS ATCC 6538,3303.30,, días,México,False
1048,"ANÁLISIS COMPLETO DE AGUA, SEGÚN NOM",MX-MICRO056,7-SSA1-1994 MODIFICADA TAT 30-32,16000.00,, días,México,False
1049,LISTERIA MONOCYTOGENES ,MX-MICRO057,OAC OFFICIAL METHOD 2004.06 (VIDAS ASSAY),977.50,, días,México,False
1050,Coliformes totales y E. coli EPA 160,MX-MICRO058,liformes totales y E. coli EPA 1604,554.40,, días,México,False
1051,"Coliformes totales, fecales y E. coli (NOM 181 + EPA 1604)",MX-MICRO059,"liformes totales, fecales y E. coli (NOM 181 + EPA 1604) ",1494.00,, días,México,False
1052,SHIGELLA SPP/25G,MX-MICRO060,IGELLA SPP/25G ,800.00,, días,México,False
1053,SALMONELLA SPP (250 G ) AOAC OFFICIAL METHOD 996.08 (VIDAS ASSAY),MX-MICRO061,T 4-10,2612.50,, días,México,False
1054,SALMONELLA SPP (250 G) ) PCR TIEMPO REAL AOAC OFFICIAL METHOD 2013.02,MX-MICRO062,AT 4-10,3740.00,, días,México,False
1055,LISTERIA MONOCYTOGENES (25 G) AOAC OFFICIAL METHOD 2004.06 (VIDAS ASSAY) TAT 9,MX-MICRO063,,1211.25,, días,México,False
1056,LISTERIA MONOCYTOGENES (125 G) AOAC OFFICIAL METHOD 2004.06 (VIDAS ASSAY)TAT 9,MX-MICRO064,,1722.50,, días,México,False
1057,LISTERIA MONOCYTOGENES (250 G) AOAC OFFICIAL METHOD 2004.06 (VIDAS ASSAY) TAT 9,MX-MICRO065,,2498.60,, días,México,False
1058,LISTERIA MONOCYTOGENES (375 G) AOAC OFFICIAL METHOD 2004.06 (VIDAS ASSAY) TAT 9,MX-MICRO066,,2725.00,, días,México,False
1059,LISTERIA SPP (250 G) AOAC OFFICIAL METHOD 2004.06 (VIDAS ASSAY) TAT 9,MX-MICRO067,,2498.60,, días,México,False
1060,DBO5 (DEMANDA BIOQUIMICA DE OXIGENO),MX-MICRO068,X-AA-028-SCFI-2001--AGUA POTABLE O RESIDUAL--TAT 10-15,435.79,, días,México,False
1061,DQO (DEMANDA QUIMICA DE OXIGENO),MX-MICRO069,X-AA-03/2-SCFI-2011--AGUA POTABLE O RESIDUAL--TAT 10-15,446.05,, días,México,False
1062,GRASAS Y ACEITES (GRAVIMETRICO),MX-MICRO070,X-AA-005-SCFI-2013--AGUA POTABLE O RESIDUAL--TAT 10-15 ,403.69,, días,México,False
1063,SOLIDOS SUSPENDIDOS TOTALES,MX-MICRO071,MX-AA-034-SCFI-2015-AGUA POTABLE O RESIDUAL--TAT 10-15,226.00,, días,México,False
1064,TURBIEDAD,MX-MICRO072,MX-AA-038-SCFI-2001.AGUA POTABLE O RESIDUAL--TAT 10-15,136.00,, días,México,False
1065,"ANÁLISIS COMPLETO DE AGUA, SEGÚN NOM",MX-MICRO073,7-SSA1-1994 MODIFICADA-- TAT 10-15,16000.00,, días,México,False
1066,REFACTURACIO,OTROS001,FACTURACION,250.00,, días,IFC,False
1067,CORRECION DE INFORME,OTROS002,RRECION DE INFORMES,190.00,, días,IFC,False
1068,ENVIO INTERNACIONAL,OTROS003,VIO INTERNACIONAL ,2035.00,, días,IFC,False
1069,ENVIO NACIONAL,OTROS004,VIO NACIONAL ,600.00,, días,IFC,False
1070,MUESTREO CON MATERIAL (dentro de 20 km a la redonda,OTROS005,ESTREO CON MATERIAL (dentro de 20 km a la redonda),550.00,1450, días,IFC,False
1071,MUESTREO CON MATERIAL (más de 20 km a la redonda,OTROS006,ESTREO CON MATERIAL (más de 20 km a la redonda),1500.00,, días,IFC,False
1072,200 Tiras para deteccion de Iodo 20,OTROS007, ppm en Agua,2950.00,, días,IFC,False
1073,TABLA NUTRICIONAL,OTROS008,"humedad, cenizas, grasas, ácidos grasos, azúcares, proteínas, sodio, fibra, valor energético) + DISEÑO DE ETIQUETA (con base a COFEPRIS, NOM-051-SCFI/SSA1-2010, NOM-086-SSA1-1994)",13200.00,, días,IFC,False
1074,"DISEÑO DE ETIQUETA (con base a COFEPRIS, NOM",OTROS009,"1-SCFI/SSA1-2010, NOM-086-SSA1-1994)",2000.00,, días,IFC,False
1075,ANALYSIS CERTIFICATE FOR PLASTIC BAG ,OTROS010,"UROPEAN REGULATION--COLOUR RELEASE FROM CONSUMER PRODUCTS (0001-NF), LEAD AND CADMLIUM CONTENT OF PLASTIC MATERIAL IN CONTACT WITH FOOD (0024-EM), OVERALL MIGRATION FROM PLASTIC (0004-S), SPECIFIC MIGRATION OF METALS FROM PLASTIC (0004-S), SPECIFIC MIGRATION OF PRIMARY AROMATIC AMINES FROM PLASTIC (0035-LC;0004-S)",58850.00,, días,IFC,False
1076,ANALYSIS CERTIFICATE FOR PLASTIC BAG,OTROS011,"S FDA 21 CFR 177.1520 (OLEOFIN POLYMERS); POLYETHYLENE A) DENSITY, B) EXTRACTABLE FRACTION, C) SOLUBLE FRACTION",9592.00,, días,IFC,False
1077,AGDIA IMMUNOSTRIP FOR PepMV (VIRUS DEL MOSAICO DEL PEPINO DULCE)/ 25 LÁMINAS,OTROS012,CNICA ELISA EN FLUJO LATERAL + 25 BOLSAS TIPO POUCH CON SOLUCION BUFFER,-1.00,, días,IFC,False
1078,AGDIA IMMUNOSTRIP FOR CymMV and ORSV,OTROS013,VIRUS MANCHA ANULAR DEL ODONTOGLOSUM/ VIRUS MOSAICO DEL CYMBIDIUM)/ 25 LÁMINAS-TECNICA ELISA EN FLUJO LATERAL + 25 BOLSAS TIPO POUCH CON SOLUCION BUFFER,-1.00,, días,IFC,False
1079,AGDIA IMMUNOSTRIP FOR  TMV  (VIRUS DEL MOSAICO DEL TABACO) / 25 LÁMINAS,OTROS014,CNICA ELISA EN FLUJO LATERAL +  BOLSAS TIPO POUCH CON SOLUCION BUFFER,4907.50,, días,IFC,False
1080,AGDIA IMMUNOSTRIP FOR  PMMoV (VIRUS DEL MOSAICO MOTEADO VERDE DEL PEPINO)/ 25 LÁMINAS,OTROS015,CNICA ELISA EN FLUJO LATERAL + 25 BOLSAS TIPO POUCH CON SOLUCION BUFFER,-1.00,, días,IFC,False
1081,AGDIA IMMUNOSTRIP FOR  PMMoV (VIRUS DEL MOSAICO MOTEADO VERDE DEL PIMIENTO)/ 25 LÁMINAS,OTROS016,CNICA ELISA EN FLUJO LATERAL + 25 BOLSAS TIPO POUCH CON SOLUCION BUFFER,-1.00,, días,IFC,False
1082,AGDIA IMMUNOSTRIP FOR CGMMV (VIRUS DEL MOSAICO MOTEADO VERDE DEL PEPINO)/ 25 LÁMINAS,OTROS017,CNICA ELISA EN FLUJO LATERAL + 25 BOLSAS TIPO POUCH CON SOLUCION BUFFER,-1.00,, días,IFC,False
1083,AGDIA IMMUNOSTRIP FOR Cmm(Clavibacter michiganensis subsp. michiganensis)/ 25 LÁMINAS,OTROS018,CNICA ELISA EN FLUJO LATERAL + 25 BOLSAS TIPO POUCH CON SOLUCION BUFFER,5995.00,, días,IFC,False
1084,AGDIA IMMUNOSTRIP FOR Rs (Ralstonia solanacearum)/ 25 LÁMINAS,OTROS019,CNICA ELISA EN FLUJO LATERAL + 25 BOLSAS TIPO POUCH CON SOLUCION BUFFER,5995.00,, días,IFC,False
1085,AGDIA IMMUNOSTRIP FOR Phyt (Phytophthora)/ 25 LÁMINAS,OTROS020,CNICA ELISA EN FLUJO LATERAL + 25 BOLSAS TIPO POUCH CON SOLUCION BUFFER,6299.25,, días,IFC,False
1086,AGDIA IMMUNOSTRIP  FOR INSV/  25 LÁMINAS,OTROS021,CNICA ELISA EN FLUJO LATERAL +  BOLSAS TIPO POUCH CON SOLUCION BUFFER,4907.50,, días,IFC,False
1087,Guante de neopreno  resistente a productos químicos   DK,OTROS022,1 No. Diken 20 05 11 talla grande color negro ,162.00,, días,IFC,False
1088,Impermeable  de 2 piezas   chaqueta talla grande  No. Diken  201098. talla grand,OTROS023,permeable  de 2 piezas   chaqueta talla grande  No. Diken  201098. talla grande,453.60,, días,IFC,False
1089,Overol  No. Diken 201099  talla grande color amarill,OTROS024,erol  No. Diken 201099  talla grande color amarillo,453.00,, días,IFC,False
1090,,OTROS025,,-1.00,, días,IFC,False
1091,,OTROS026,,-1.00,, días,IFC,False
1092,,OTROS027,,-1.00,, días,IFC,False
1093,TOTAL ACIDOPHILIC COUNT: MAX. 100 CFU/M,A-OTROS101,TAL ACIDOPHILIC COUNT: MAX. 100 CFU/ML,1350.00,, días,IFC,False
1094,COLIFORMS: < 1 CFU/ML,A-OTROS102,LIFORMS: < 1 CFU/ML.,1200.00,, días,IFC,False
1095,HEAT RESISTANT MOLD: ABSENT IN 20 ML,A-OTROS103,AT RESISTANT MOLD: ABSENT IN 20 ML.,1350.00,, días,IFC,False
1096,THERMOPHILIC ACIDOPHILIC BACTERIA: < 1000 CFU/ML,A-OTROS104,ERMOPHILIC ACIDOPHILIC BACTERIA: < 1000 CFU/ML.,1300.00,, días,IFC,False
1097,GUAICOL PRODUCING BACTERIA: ABSEN,A-OTROS105,AICOL PRODUCING BACTERIA: ABSENT,1550.00,, días,IFC,False
1098,MUESTREO SIN VIÁTICO,A-OTROS106,ESTREO SIN VIÁTICOS,600.00,, días,IFC,False
